text,label
"Generate a complete website for my fintech startup with a hero section showcasing our mobile banking app, a pricing table, and a secure client login area.",Finance
"Build a professional website for my wealth management firm, including team bios, a blog on retirement planning, and a contact form for high-net-worth clients.",Finance
"I need a landing page for my new crypto trading platform. Include a live price ticker, a 'How It Works' section, and a bold call-to-action for signing up.",Finance
"Design a sleek multi-page site for my mortgage brokerage. Must have a loan calculator, client testimonials slider, and an online application upload feature.",Finance
"Create a modern homepage for my personal finance coaching business. Include a video intro, a services grid, and a booking calendar for free consultations.",Finance
"Build a corporate-style website for my insurance agency. I need pages for auto, home, and life insurance, plus an instant quote generator tool.",Finance
"Generate a responsive site for my investment advisory firm focused on ESG funds. Include a portfolio performance chart, a blog, and a newsletter signup.",Finance
"I want a clean website for my accounting practice. Features: service packages, a secure client portal for document sharing, and an FAQ section about taxes.",Finance
"Design a high-converting landing page for my peer-to-peer lending marketplace. Showcase investor returns, borrower stories, and a simple application process.",Finance
"Build a website for my financial literacy nonprofit. Need a donation button, event calendar for workshops, and success stories from past participants.",Finance
"Create a professional site for my day trading mentorship program. Include a live market feed, a members-only dashboard, and a testimonials section.",Finance
"I need a modern web presence for my credit union. Design a homepage with branch locator, loan rates, and a secure online banking login module.",Finance
"Generate a sleek website for my venture capital firm. Showcase our portfolio companies, investment criteria, and a contact form for startup pitches.",Finance
"Build a mobile-first landing page for my micro-investing app. Features: explainer video, app store badges, and a referral program banner.",Finance
"Design a corporate site for my commercial bank's small business division. Include business loan products, treasury services, and an online application.",Finance
"Create a website for my financial consulting practice specializing in M&A. Need case studies, a team page, and a resource library for clients.",Finance
"I want a bold homepage for my cryptocurrency exchange. Include security badges, a trading dashboard preview, and a step-by-step user guide.",Finance
"Build a responsive site for my retirement planning advisory. Features: a retirement savings calculator, client portal, and a blog with financial tips.",Finance
"Generate a landing page for my fintech accelerator program. Include application form, mentor profiles, and success metrics from past cohorts.",Finance
"Design a professional site for my debt consolidation service. Emphasize a free consultation offer, a payment plan visualizer, and client reviews.",Finance
"Create a modern website for my stock brokerage firm. Include a market news feed, a demo account signup, and a pricing page for trading plans.",Finance
"Build a website for my family office service. Need private client login, estate planning resources, and a secure messaging system for high-net-worth families.",Finance
"I need a clean landing page for my financial wellness app. Include a habit tracker preview, a subscription plan, and a testimonial carousel.",Finance
"Design a consulting-style site for my actuarial services firm. Showcase our risk modeling expertise, white papers, and a client case study section.",Finance
"Generate a homepage for my foreign exchange broker. Features: live currency converter, trading platform download, and a 24/7 support chat widget.",Finance
"Build a corporate site for my real estate investment trust. Include property portfolio galleries, dividend distribution history, and an investor relations page.",Finance
"Create a responsive website for my insurance brokerage. Need a multi-step quote form, policy comparison tool, and a claims reporting system.",Finance
"I want a modern site for my sustainable investment platform. Highlight ESG screening tools, impact metrics, and a client onboarding flow.",Finance
"Design a landing page for my financial compliance consultancy. Include regulatory updates, a service overview, and a secure client upload area.",Finance
"Build a website for my pension fund advisory. Features: plan performance dashboards, participant education materials, and a contact form for employers.",Finance
"Generate a professional homepage for my management consultancy. Include a slider with client logos, a services dropdown, and a 'Meet the Partners' section.",Consulting
"Build a sleek website for my HR consulting firm. Need a job board integration, a culture assessment tool, and a page for leadership training programs.",Consulting
"I need a landing page for my digital transformation consultancy. Showcase case studies, a methodology diagram, and a free readiness assessment form.",Consulting
"Design a corporate site for my sustainability advisory. Features: carbon footprint calculator, project portfolio, and a news section on green policies.",Consulting
"Create a responsive website for my healthcare consulting practice. Include a resource center for hospital management, client testimonials, and a contact form.",Consulting
"Build a modern page for my supply chain optimization firm. Need a ROI calculator, client case studies, and a blog on logistics trends.",Consulting
"Generate a consulting-style site for my M&A advisory group. Include deal announcement news, team biographies, and a confidential contact portal.",Consulting
"I want a professional site for my executive coaching firm. Features: coach bios, a workshop calendar, client success stories, and a booking system.",Consulting
"Design a homepage for my legal compliance consultancy. Include a regulatory tracker, a risk assessment quiz, and a client-only document library.",Consulting
"Build a website for my educational consulting agency. Need a college admissions timeline, student testimonials, and a service package comparison.",Consulting
"Create a landing page for my cybersecurity advisory firm. Showcase threat intelligence reports, a security audit request form, and partner certifications.",Consulting
"I need a clean site for my marketing strategy consultancy. Features: a portfolio of campaigns, a client dashboard preview, and a blog on branding.",Consulting
"Design a corporate-style website for my real estate feasibility consultancy. Include market analysis tools, project case studies, and an investor pitch deck.",Consulting
"Build a responsive site for my government affairs consulting. Need policy briefs, a legislative tracker, and a contact form for lobbying inquiries.",Consulting
"Generate a modern homepage for my innovation consulting studio. Include a design sprint overview, client work gallery, and a workshop signup.",Consulting
"Create a website for my retail strategy consultancy. Features: a store performance benchmark tool, case studies, and a client testimonial video.",Consulting
"Build a professional landing page for my organizational change consultancy. Include a change readiness survey, a methodology page, and team profiles.",Consulting
"I want a sleek site for my sports management consulting. Showcase athlete representation, contract negotiation services, and a media gallery.",Consulting
"Design a corporate site for my tourism advisory firm. Need destination marketing strategies, visitor analytics dashboards, and a project portfolio.",Consulting
"Create a responsive website for my logistics consulting practice. Include a supply chain map, a cost-saving calculator, and a client success log.",Consulting
"Build a homepage for my nonprofit consultancy. Features: fundraising campaign templates, grant writing services, and a volunteer management guide.",Consulting
"Generate a consulting-style site for my family business advisory. Include succession planning resources, family meeting agendas, and a contact form.",Consulting
"I need a modern page for my technology consulting company. Showcase cloud migration case studies, a tech stack assessment, and a client portal.",Consulting
"Design a clean website for my environmental impact consultancy. Include a project map, sustainability metrics, and a report download center.",Consulting
"Build a professional site for my construction project management consulting. Features: project timeline visualizer, safety compliance checklists, and a gallery.",Consulting
"Create a landing page for my financial crime consulting group. Include AML compliance tools, a risk rating system, and a secure client intake form.",Consulting
"I want a corporate-style site for my diversity and inclusion consultancy. Showcase training modules, audit services, and a client testimonial carousel.",Consulting
"Design a responsive homepage for my PR crisis management consultancy. Include a crisis simulation tool, a media monitoring widget, and team expertise.",Consulting
"Build a modern website for my energy sector advisory. Features: renewable energy project case studies, a policy tracker, and a contact for investors.",Consulting
"Generate a professional site for my food and beverage consulting. Include menu engineering tools, a supplier directory, and restaurant case studies.",Consulting
"Build a dynamic homepage for my full-service creative agency. Include a portfolio carousel of web design, a team grid, and a client onboarding form.",Agency
"Create a modern website for my digital marketing agency. Need a PPC management dashboard, a SEO audit tool, and a blog with marketing tips.",Agency
"I want a sleek landing page for my advertising agency. Showcase award-winning campaigns, a media buying process, and a contact for brand partnerships.",Agency
"Design a corporate site for my event planning agency. Features: an event gallery, a venue finder tool, a client testimonial slider, and a RSVP system.",Agency
"Build a responsive website for my public relations agency. Include a press release feed, a media database, a crisis communication guide, and a contact form.",Agency
"Generate a professional page for my talent agency. Need a roster of talent, a booking form, a video reel gallery, and a news section for client achievements.",Agency
"Create a landing page for my content marketing agency. Showcase a portfolio of articles, a content strategy worksheet, and a subscription for newsletters.",Agency
"I need a modern site for my web development agency. Features: a tech stack showcase, case studies of ecommerce builds, and a project quote generator.",Agency
"Design a responsive homepage for my social media agency. Include a content calendar preview, engagement analytics, a portfolio of campaigns, and a contact form.",Agency
"Build a sleek website for my growth hacking agency. Need a user acquisition funnel visualizer, a client success story section, and a free audit offer.",Agency
"Create a corporate-style site for my UX/UI design agency. Include a design process walkthrough, a project gallery, client logos, and a job application page.",Agency
"I want a professional landing page for my media buying agency. Showcase ad spend optimization charts, a platform integration list, and a team page.",Agency
"Design a responsive website for my influencer marketing agency. Features: an influencer database, a campaign ROI calculator, and a contact for brand deals.",Agency
"Build a modern homepage for my fundraising agency. Include a donor management system preview, case studies of successful campaigns, and a service pricing page.",Agency
"Generate a clean site for my real estate marketing agency. Need property listing integrations, a virtual tour gallery, a lead generation form, and a blog.",Agency
"Create a website for my healthcare advertising agency. Include patient testimonial videos, a compliance checklist, a portfolio of pharma campaigns, and a contact form.",Agency
"I need a sleek landing page for my experiential marketing agency. Showcase event photos, a brand activation case study, a client list, and a booking inquiry.",Agency
"Design a corporate-style site for my political campaign agency. Features: a voter outreach tool, a donation portal, a news feed, and a volunteer signup.",Agency
"Build a responsive website for my financial advertising agency. Include banking campaign case studies, a compliance guide, a client roster, and a contact form.",Agency
"Create a modern page for my podcast production agency. Need a show reel, a booking calendar for recording, a list of services, and client testimonials.",Agency
"Generate a professional homepage for my tech staffing agency. Include a job board, a candidate dashboard, a client portal for hiring, and a team page.",Agency
"I want a sleek site for my travel marketing agency. Features: destination video backgrounds, a portfolio of hospitality campaigns, a contact form, and a blog.",Agency
"Design a responsive landing page for my legal marketing agency. Include a lawyer directory, a case results gallery, a client intake form, and a blog on legal trends.",Agency
"Build a modern website for my ecommerce agency. Need a Shopify store showcase, a conversion rate optimization tool, client logos, and a pricing table.",Agency
"Create a corporate-style site for my B2B lead generation agency. Include a lead scoring dashboard, case studies, a client portal, and a contact for demos.",Agency
"I need a clean homepage for my crisis PR agency. Showcase crisis simulation case studies, a media monitoring feed, a team expertise page, and a contact form.",Agency
"Design a responsive website for my sports marketing agency. Features: athlete profiles, sponsorship portfolio, a news section, and a booking form for appearances.",Agency
"Build a sleek landing page for my fashion PR agency. Include a lookbook gallery, a press release archive, a client list, and a contact for runway show inquiries.",Agency
"Generate a modern site for my technology PR agency. Showcase product launch campaigns, a tech influencer database, a blog, and a contact for media pitches.",Agency
"Create a professional homepage for my education recruitment agency. Include a school partnership portal, a candidate job board, a success stories section, and a contact form.",Agency
"Build a comprehensive corporate website for my global manufacturing conglomerate. Include a product catalog, a sustainability report, a newsroom, and an investor relations section.",Corporate
"Create a modern homepage for my technology corporation. Need a solutions overview, a case study library, a partner portal, and a careers page with job listings.",Corporate
"I want a professional site for my pharmaceutical company. Features: a drug pipeline timeline, a clinical trial data dashboard, a patient resource center, and a press release feed.",Corporate
"Design a sleek corporate site for my electric vehicle manufacturer. Include a vehicle configurator, a charging station locator, a sustainability report, and a dealer network map.",Corporate
"Build a responsive website for my construction and infrastructure company. Need a project portfolio with images, a safety record section, a bid request form, and a team directory.",Corporate
"Generate a corporate-style homepage for my telecommunications giant. Include a coverage map, a product pricing table, a customer support portal, and a news section on 5G.",Corporate
"Create a modern landing page for my consumer goods corporation. Features: a brand showcase, a store locator, a product recall alert system, and a investor quarterly reports.",Corporate
"I need a clean site for my aerospace corporation. Showcase our satellite products, a defense contract portfolio, a career application portal, and a technology innovation blog.",Corporate
"Design a responsive corporate website for my energy corporation. Include an oil and gas production map, a renewable energy project gallery, a stock price ticker, and a sustainability report.",Corporate
"Build a sleek homepage for my hospitality corporation. Need a hotel property search, a loyalty program dashboard, a meeting room booking tool, and a press center.",Corporate
"Create a professional site for my retail corporation. Features: an ecommerce integration, a weekly ad preview, a store locator, a corporate blog, and a shareholder information page.",Corporate
"I want a corporate-style landing page for my logistics corporation. Include a shipment tracker, a global route map, a freight rate calculator, and a customer case study section.",Corporate
"Design a modern website for my media corporation. Need a video player for streaming, a news aggregator, a subscription management portal, and a contact for advertising inquiries.",Corporate
"Build a responsive site for my financial services corporation. Include a wealth management dashboard, a banking login portal, a insurance quote tool, and a corporate governance page.",Corporate
"Generate a sleek corporate homepage for my computer hardware manufacturer. Features: a product configurator, a driver download center, a warranty registration form, and a partner program.",Corporate
"Create a comprehensive site for my real estate development corporation. Include a property portfolio with 3D tours, a leasing application, a construction project timeline, and a investor newsletter.",Corporate
"I need a professional website for my chemical corporation. Showcase industrial product lines, a safety data sheet library, a research and development page, and a sustainability commitment.",Corporate
"Design a corporate-style landing page for my food processing corporation. Include a product catalog, a food safety certification section, a supplier portal, and a newsroom for product launches.",Corporate
"Build a modern homepage for my healthcare corporation. Need a hospital directory, a patient portal login, a medical research page, and a careers section for doctors and nurses.",Corporate
"Create a responsive corporate site for my utility corporation. Features: a service area map, a bill payment portal, a outage reporting tool, and a renewable energy initiative page.",Corporate
"I want a sleek website for my mining corporation. Include a global operations map, a commodity price tracker, a sustainability report, a community engagement section, and a careers page.",Corporate
"Design a professional homepage for my technology services corporation. Need a cloud solutions overview, a customer success story gallery, a partner ecosystem page, and a contact for enterprise sales.",Corporate
"Build a corporate-style site for my sporting goods corporation. Include a product showcase, a store locator, a sponsorship and athlete roster, a investor relations hub, and a brand history timeline.",Corporate
"Generate a modern landing page for my aerospace and defense corporation. Features: a product portfolio, a contract award news feed, a security clearance portal, and a research lab showcase.",Corporate
"Create a complete corporate website for my diversified holdings conglomerate. Include subsidiary company pages, a financial performance dashboard, a leadership team directory, and a press kit.",Corporate
"Build a dynamic homepage for my B2B software corporation. Include a product demo video, a free trial signup form, a customer testimonial slider, a pricing page, and a knowledge base.",Technology
"Create a modern landing page for my AI-powered analytics startup. Need a feature grid, a live demo dashboard, a case study section, and a contact for enterprise trials.",Technology
"I want a sleek website for my cloud hosting provider. Features: a server status monitor, a pricing calculator, a knowledge base, a client login portal, and a referral program banner.",Technology
"Design a responsive site for my cybersecurity firm. Include a threat map, a service catalog for penetration testing, a client portal, a blog on security trends, and a free vulnerability scan offer.",Technology
"Build a professional homepage for my IoT device manufacturer. Need a product showcase with images, a developer API documentation section, a compatibility checker, and a support forum.",Technology
"Generate a modern website for my blockchain development company. Include a project portfolio, a white paper library, a team page, a contact for custom development, and a news section.",Technology
"Create a corporate-style site for my enterprise resource planning (ERP) consultancy. Features: a solution overview, a ROI calculator, client case studies, a demo request form, and a partner directory.",Technology
"I need a clean landing page for my mobile app development studio. Showcase a portfolio of apps, a client testimonial slider, a service package list, a development timeline visualizer, and a contact form.",Technology
"Design a sleek website for my machine learning platform. Include a feature matrix, a research paper archive, an API playground, a pricing plan table, and a community forum link.",Technology
"Build a responsive homepage for my data center services company. Need a facility virtual tour, a uptime guarantee badge, a service level agreement page, a client list, and a support ticket system.",Technology
"Create a professional site for my software testing and QA firm. Include a testing methodology page, a case study gallery, a tool integration list, a free trial offer, and a team bio section.",Technology
"I want a modern landing page for my edge computing startup. Features: a product roadmap, a technical whitepaper download, a partner ecosystem, a developer signup form, and a blog on industry trends.",Technology
"Design a corporate-style website for my telecommunications equipment provider. Include a product catalog, a network diagram tool, a certification page, a support center, and a contact for wholesale inquiries.",Technology
"Build a responsive site for my virtual reality (VR) software company. Need a product demo video, a device compatibility list, a user review section, a newsletter signup, and a purchase page.",Technology
"Generate a sleek homepage for my open-source software company. Include a community contributor section, a documentation hub, a sponsorship page, a release notes feed, and a contact for enterprise support.",Technology
"Create a modern website for my smart home automation firm. Features: a product configurator, a compatibility matrix, a video gallery of installations, a blog on home tech, and a dealer locator.",Technology
"I need a professional landing page for my biotech informatics platform. Showcase our data visualization tools, a partnership application, a scientific advisory board, and a resource library.",Technology
"Design a responsive corporate site for my semiconductor company. Include a product roadmap, a technical datasheet library, a design tool download, a investor relations page, and a careers section.",Technology
"Build a sleek website for my no-code development platform. Features: a drag-and-drop demo video, a template gallery, a pricing table, a customer success story, and a contact for custom solutions.",Technology
"Create a modern homepage for my IT managed services provider. Need a network monitoring dashboard preview, a service catalog, a client portal, a blog on cybersecurity, and a free assessment offer.",Technology
"Generate a restaurant website with an online ordering system, a menu with categories and dietary filters, a table reservation widget, and photo gallery of our signature dishes.",Restaurant
"Build a modern landing page for my cozy Italian bistro. Include a location map, a wine list, a daily specials section, a customer review carousel, and a contact for private events.",Restaurant
"Create a sleek website for a sushi restaurant. Features: a menu with roll descriptions, a chef's omakase booking, a gift card purchase page, and a photo gallery of fresh fish.",Restaurant
"I need a responsive website for my food truck business. Include a weekly schedule and location tracker, a menu with prices, a catering inquiry form, and a social media feed.",Restaurant
"Design a professional homepage for a fine dining steakhouse. Need a reservation system via OpenTable, a dry-aged steak menu, a wine pairing guide, a private dining room gallery, and a contact form.",Restaurant
"Build a corporate-style website for my bakery chain. Include a product catalog, a custom cake order form, a store locator, a nutrition information page, and a franchise inquiry section.",Restaurant
"Generate a modern site for my vegan cafe. Features: a plant-based menu, a smoothie bar section, a sustainability pledge, a blog with recipes, and a loyalty program signup.",Restaurant
"Create a landing page for my barbecue restaurant. Need a smokehouse menu, a catering packages page, a events calendar, a photo gallery of grilled meats, and a contact for group bookings.",Restaurant
"I want a sleek website for my seafood restaurant. Include a market-fresh menu, a oyster bar section, a chef's tasting menu, a reservation button, and a private dock access info.",Restaurant
"Design a responsive homepage for my pizza restaurant. Features: a pizza builder tool, a delivery tracking map, a special offers banner, a customer review section, and a contact for bulk orders.",Restaurant
"Build a modern landing page for my Mexican cantina. Include a taco menu, a margarita cocktail list, a events space for parties, a photo gallery, and a contact for live music bookings.",Restaurant
"Create a professional website for a French pastry shop. Need a product showcase with high-res images, a custom order form for cakes, a seasonal menu, a store hours section, and a contact form.",Restaurant
"Generate a corporate-style site for a coffee shop chain. Features: a drink menu with customizations, a loyalty app download badge, a store locator with maps, a gift card system, and a blog on coffee culture.",Restaurant
"I need a clean homepage for a farm-to-table restaurant. Include a seasonal menu, a farmer's market partnership gallery, a reservation widget, a private dining inquiry, and a sustainability report.",Restaurant
"Design a sleek website for a burger joint. Need a build-your-own-burger feature, a nutrition calculator, a catering menu, a kids' menu section, and a contact for food truck events.",Restaurant
"Build a responsive landing page for a Thai cuisine restaurant. Features: a spicy scale menu, a photo gallery of curries, a booking for cooking classes, a takeaway order form, and a blog on Thai ingredients.",Restaurant
"Create a modern site for a Indian restaurant and buffet. Include a dinner buffet schedule, a vegetarian/vegan menu filter, a catering inquiry, a events hall rental, and a customer feedback form.",Restaurant
"Generate a professional homepage for a ramen shop. Need a broth selection guide, a topping customization tool, a seat reservation system, a photo gallery of bowls, and a contact for wholesale broth.",Restaurant
"I want a corporate-style website for a catering company. Features: a menu planner, a event portfolio gallery, a dietary restriction form, a pricing estimator, and a contact for corporate bookings.",Restaurant
"Design a clean landing page for a diner-style restaurant. Include a all-day breakfast menu, a daily specials board, a milkshake flavor list, a retro photo gallery, and a contact for private parties.",Restaurant
"Build a modern website for my dental practice. Include a online appointment booking, a service page for cleanings and whitening, a patient portal, a team bios section, and a map to our clinic.",Medical
"Create a professional homepage for a multi-specialty medical clinic. Need a doctor directory, a service catalog for cardiology and dermatology, a patient intake form, a health blog, and a contact for referrals.",Medical
"I want a responsive site for my physical therapy center. Features: a therapy exercise library, a patient testimonial carousel, a insurance verification form, a team of therapists page, and a appointment scheduler.",Medical
"Design a sleek website for a cosmetic surgery practice. Include a procedure gallery with before/after photos, a surgeon bio, a consultation booking, a patient financing page, and a privacy policy.",Medical
"Build a corporate-style landing page for my urgent care clinic. Need a wait time tracker, a service list for minor injuries, a insurance plan checker, a location finder, and a contact for occupational health.",Medical
"Generate a modern site for my pediatrician's office. Features: a vaccine schedule tracker, a growth chart tool, a kid-friendly photo gallery, a new patient registration form, and a blog on child health.",Medical
"Create a professional website for a dermatology and skin care center. Include a treatment menu, a photo gallery of conditions, a online booking for consultations, a product shop, and a patient education hub.",Medical
"I need a clean homepage for my mental health counseling practice. Include a therapist directory, a service page for anxiety and depression, a contact form, a resources section, and a confidential intake questionnaire.",Medical
"Design a responsive site for my ophthalmology clinic. Features: a vision test tool, a LASIK procedure page, a patient portal for records, a team of optometrists, and a frame gallery for glasses.",Medical
"Build a modern landing page for my fertility clinic. Need a success rates chart, a treatment options page, a patient stories section, a contact for consultations, and a financial planning guide.",Medical
"Generate a sleek website for my chiropractic care center. Include a spinal adjustment video, a service menu, a patient testimonial slider, a online booking, and a blog on back pain relief.",Medical
"Create a corporate-style homepage for my orthopedic surgery practice. Features: a procedure list for joint replacements, a surgeon directory, a patient recovery timeline, a insurance verification, and a contact form.",Medical
"I want a professional site for my allergy and asthma clinic. Include a allergen testing page, a treatment plan builder, a patient portal, a school/work forms download, and a contact for referrals.",Medical
"Design a modern website for a women's health center. Need a OB-GYN service list, a pregnancy resource center, a virtual tour of our facility, a patient testimonial gallery, and a appointment scheduler.",Medical
"Build a responsive landing page for my medical spa. Features: a treatment menu for Botox and fillers, a before/after gallery, a pricing page, a online booking, and a product shop for skincare.",Medical
"Generate a clean site for a cardiology practice. Include a heart health risk assessment, a service page for EKGs and stress tests, a patient education library, a team page, and a contact for emergencies.",Medical
"Create a professional homepage for my endocrinology clinic. Need a diabetes management plan, a thyroid treatment page, a patient portal, a nutrition guide, and a contact for lab results.",Medical
"I want a sleek corporate-style website for my hospital network. Include a department directory, a patient registration form, a visitor guide, a medical research page, and a careers section for nurses.",Medical
"Design a modern site for a neurology practice. Features: a migraine tracker tool, a treatment options page, a patient stories section, a doctor directory, and a contact for clinical trials.",Medical
"Build a responsive homepage for my primary care physician's office. Include a new patient welcome packet, a appointment request form, a prescription refill request, a health tips blog, and a map to our location.",Medical
"Generate a complete ecommerce website for my online fashion boutique. Include a product catalog with categories, a shopping cart, a checkout with payment gateway, a size guide, and a customer review section.",Ecommerce
"Build a modern landing page for my dropshipping store. Need a product grid with filters, a daily deals section, a shipping information page, a return policy, and a contact for supplier inquiries.",Ecommerce
"Create a sleek website for my specialty coffee shop online store. Features: a product catalog with roast profiles, a subscription box page, a gift card purchase, a blog on brewing tips, and a loyalty program.",Ecommerce
"I want a responsive ecommerce site for handmade jewelry. Include a product gallery with zoom, a shopping cart, a custom order form, a care instructions page, and a testimonial carousel.",Ecommerce
"Design a professional homepage for my organic skincare ecommerce. Need a product catalog with ingredient lists, a bundle deal section, a auto-replenish subscription, a customer reviews widget, and a contact form.",Ecommerce
"Build a corporate-style online store for my electronics retailer. Features: a product comparison tool, a tech specs filter, a checkout with installment plans, a warranty registration, and a support center.",Ecommerce
"Generate a modern website for my pet supplies ecommerce. Include a product catalog by pet type, a subscription for food delivery, a loyalty points system, a blog on pet care, and a contact for wholesale inquiries.",Ecommerce
"Create a responsive landing page for my sneaker resale store. Need a product grid with size filters, a authentication guarantee page, a bidding system, a customer review section, and a contact for consignments.",Ecommerce
"I want a sleek ecommerce site for my home decor brand. Features: a room inspiration gallery, a product catalog with color filters, a shopping cart, a interior design consultation form, and a return policy.",Ecommerce
"Design a modern online store for my fitness equipment company. Include a product catalog with demo videos, a bundle deal page, a financing calculator, a customer success stories section, and a contact for bulk orders.",Ecommerce
"Build a professional homepage for my bookshop ecommerce. Need a book search bar, a new releases section, a pre-order page, a author event calendar, a customer review system, and a newsletter signup.",Ecommerce
"Generate a corporate-style website for my gourmet food marketplace. Features: a product catalog with dietary filters, a gift basket builder, a seasonal specials page, a blog on recipes, and a contact for vendor applications.",Ecommerce
"Create a responsive ecommerce site for my baby products store. Include a product catalog with safety ratings, a registry builder, a subscription for diapers, a parenting blog, and a contact for customer service.",Ecommerce
"I want a modern landing page for my artisanal candle shop. Need a product gallery with scent descriptions, a custom label order form, a gift set builder, a review section, and a contact for wholesale.",Ecommerce
"Design a sleek online store for my sports apparel brand. Features: a product grid with team colors, a size chart, a easy return process, a athlete ambassador page, and a contact for corporate team orders.",Ecommerce
"Build a professional ecommerce site for my vitamin and supplement store. Include a product catalog with health categories, a subscribe-and-save option, a lab test result page, a blog on wellness, and a contact for nutritionists.",Ecommerce
"Generate a modern homepage for my furniture ecommerce company. Need a product catalog with room sets, a AR view feature, a financing application, a assembly video library, and a contact for delivery scheduling.",Ecommerce
"Create a responsive landing page for my craft beer online shop. Features: a product catalog with flavor profiles, a brewery story page, a seasonal release section, a gift pack builder, and a contact for event catering.",Ecommerce
"I want a corporate-style website for my office supplies ecommerce. Include a product catalog with bulk pricing, a quick reorder feature, a business account application, a delivery tracking, and a contact for procurement.",Ecommerce
"Design a modern ecommerce site for my luxury watch store. Need a product gallery with high-res images, a authentication certificate page, a pre-owned section, a service booking, and a contact for trade-ins.",Ecommerce
"Build a comprehensive website for my coding bootcamp. Include a course curriculum page, a student application form, a tuition payment plan, a alumni testimonial slider, and a job placement dashboard.",Education
"Create a modern landing page for my online language learning platform. Features: a lesson catalog with levels, a free trial signup, a student progress tracker, a teacher directory, and a blog on language tips.",Education
"I want a responsive site for my university's computer science department. Need a course catalog, a faculty directory, a research lab showcase, a student project gallery, and a contact for admissions.",Education
"Design a professional homepage for my tutoring center. Include a subject list, a tutor bios section, a scheduling calendar, a pricing page, a student success stories section, and a contact for assessments.",Education
"Build a sleek website for my early childhood education preschool. Features: a curriculum overview, a photo gallery of activities, a parent portal for updates, a enrollment form, and a contact for tours.",Education
"Generate a corporate-style site for my online course marketplace. Include a course catalog with categories, a instructor signup form, a student review system, a learning path builder, and a contact for corporate training.",Education
"Create a modern landing page for my music school. Need a instrument lesson catalog, a faculty performance videos, a recital calendar, a student enrollment form, and a blog on music theory.",Education
"I want a responsive homepage for my test preparation academy. Features: a course schedule, a practice test platform, a score improvement tracker, a student testimonial section, and a contact for private coaching.",Education
"Design a professional website for my vocational training institute. Include a trade program list, a job placement statistics, a student gallery, a enrollment form, and a contact for employer partnerships.",Education
"Build a sleek landing page for my robotics education program. Need a curriculum overview, a project showcase, a camp registration form, a teacher training page, and a contact for school district partnerships.",Education
"Generate a modern site for my art and design school. Features: a student portfolio gallery, a course catalog for fine arts, a faculty exhibition schedule, a application form, and a blog on creative careers.",Education
"Create a corporate-style homepage for my business school. Include a MBA program page, a executive education catalog, a alumni network section, a admissions application, and a contact for corporate sponsorships.",Education
"I want a responsive website for my math learning center. Need a grade-level curriculum, a practice problem generator, a parent progress report portal, a tutoring schedule, and a contact for diagnostic tests.",Education
"Design a professional landing page for my coding academy for kids. Features: a course list with age groups, a project gallery, a summer camp calendar, a enrollment form, and a blog on tech education.",Education
"Build a modern website for my culinary school. Include a program catalog, a chef instructor bios, a student recipe gallery, a kitchen facilities tour, and a contact for class registration.",Education
"Generate a sleek homepage for my online certification platform. Need a certification track list, a exam preparation materials, a student dashboard preview, a pricing plan table, and a contact for enterprise licensing.",Education
"Create a responsive site for my fitness instructor certification program. Features: a course curriculum, a instructor trainer bios, a certification exam details, a student testimonial carousel, and a registration form.",Education
"I want a corporate-style website for my law school admissions consulting. Include a course catalog, a faculty of attorneys, a bar exam preparation page, a student success rates, and a contact for consultations.",Education
"Design a modern landing page for my theater arts academy. Need a acting class schedule, a student performance gallery, a faculty director bios, a audition form, and a contact for workshop inquiries.",Education
"Build a professional homepage for my financial literacy education nonprofit. Features: a workshop calendar, a curriculum download, a volunteer instructor signup, a student feedback section, and a contact for school partnerships.",Education
"Generate a stylish portfolio website for my graphic design work. Include a project gallery with filters, a about me page, a client testimonials slider, a services page, and a contact form for freelance inquiries.",Portfolio
"Build a professional photography portfolio. Need a gallery with categories for portraits and landscapes, a behind-the-scenes blog, a pricing page for sessions, a client proofing gallery, and a contact for bookings.",Portfolio
"Create a modern landing page for my UX/UI design portfolio with case studies, project details, process breakdowns, testimonials, and a contact form.",Portfolio
Build a website for my wealth management firm with secure client portal and retirement planning tools.,Finance
Create a landing page for a financial advisory startup offering investment tracking and budgeting features.,Finance
Design a corporate site for a commercial bank with loan application forms and account management dashboards.,Finance
Generate a homepage for a stock trading app with real-time charts and user authentication.,Finance
Build a responsive site for a cryptocurrency wallet service with transaction history and security badges.,Finance
Create a modern page for a tax preparation company with deduction calculators and appointment booking.,Finance
Design a professional website for a credit repair agency with client testimonials and success stories.,Finance
Generate a fintech platform landing page with pricing tiers and feature comparison tables.,Finance
Build a mortgage refinancing website with rate comparison tools and instant pre-approval forms.,Finance
Create a portfolio site for a hedge fund manager with performance graphs and investor relations.,Finance
Design a corporate page for an investment banking firm with deal announcements and team directories.,Finance
Generate a website for a payroll processing company with client login and compliance resources.,Finance
Build a page for a financial planning seminar with speaker bios and registration forms.,Finance
Create a site for a bookkeeping service with service packages and client onboarding forms.,Finance
Design a modern homepage for a robo-advisor platform with risk assessment quizzes.,Finance
Generate a landing page for a student loan refinancing company with calculator and application.,Finance
Build a professional site for a commercial lending firm with case studies and loan products.,Finance
Create a website for a financial literacy blog with subscription options and resource downloads.,Finance
Design a sleek page for a wealth transfer advisory with estate planning guides and contact forms.,Finance
Generate a corporate site for a private equity firm with portfolio company showcases.,Finance
Build a website for a strategy consulting firm with case studies and client testimonials.,Consulting
Design a professional page for an operations consulting company with process improvement examples.,Consulting
Generate a landing page for a sales consulting agency with revenue growth case studies.,Consulting
Build a site for a leadership development consultancy with workshop calendars and speaker bios.,Consulting
Create a modern homepage for a innovation consulting firm with methodology explainers.,Consulting
Design a responsive website for a digital marketing consultancy with SEO audit tools.,Consulting
Generate a corporate style page for a supply chain advisory with logistics optimization tools.,Consulting
Build a professional site for a environmental consulting group with project portfolios.,Consulting
Create a consulting page for a education advisory service with student success metrics.,Consulting
Design a sleek landing page for a organizational development firm with culture assessment forms.,Consulting
Generate a website for a public sector consulting company with government case studies.,Consulting
Build a site for a real estate consulting practice with market analysis and property valuations.,Consulting
Create a modern page for a healthcare compliance consultancy with regulatory updates.,Consulting
Design a professional homepage for a technology consulting firm with cloud migration services.,Consulting
Generate a responsive site for a hospitality consulting agency with guest experience strategies.,Consulting
Build a corporate website for a risk management consultancy with insurance advisory services.,Consulting
Create a landing page for a talent management consulting firm with recruitment solutions.,Consulting
Design a site for a change management consultancy with training program overviews.,Consulting
Generate a modern homepage for a financial crime consulting group with AML compliance tools.,Consulting
Build a professional website for a sustainability consultancy with carbon reduction case studies.,Consulting
Create a website for a branding agency with portfolio galleries and client case studies.,Agency
Design a landing page for a social media agency with content calendars and analytics dashboards.,Agency
Generate a modern site for a video production agency with showreels and equipment lists.,Agency
Build a responsive homepage for a PR agency with press release archives and media kits.,Agency
Create a professional page for a web design agency with project portfolios and testimonials.,Agency
Design a sleek website for a advertising agency with campaign case studies and team bios.,Agency
Generate a corporate style site for a event planning agency with venue galleries and RSVP tools.,Agency
Build a landing page for a content marketing agency with blog examples and strategy guides.,Agency
Create a modern homepage for a talent agency with artist rosters and booking forms.,Agency
Design a responsive site for a digital agency with SEO case studies and performance reports.,Agency
Generate a professional website for a fundraising agency with donor management tools.,Agency
Build a corporate page for a media buying agency with ad spend optimization dashboards.,Agency
Create a sleek landing page for a influencer marketing agency with campaign portfolios.,Agency
Design a site for a creative agency with design process walkthroughs and client logos.,Agency
Generate a modern homepage for a experiential marketing agency with event photos and videos.,Agency
Build a website for a political campaign agency with volunteer signup and donation portals.,Agency
Create a professional page for a legal marketing agency with attorney case result showcases.,Agency
Design a responsive landing page for a ecommerce agency with store case studies.,Agency
Generate a corporate site for a staffing agency with job boards and candidate dashboards.,Agency
Build a modern homepage for a crisis management agency with media monitoring tools.,Agency
Create a global corporate website for an automotive manufacturer with vehicle configurators.,Corporate
Design a professional homepage for a pharmaceutical corporation with drug pipeline displays.,Corporate
Generate a responsive site for a telecommunications giant with coverage maps and plans.,Corporate
Build a corporate landing page for an energy company with renewable project galleries.,Corporate
Create a modern page for a consumer goods corporation with product catalogs and store locators.,Corporate
Design a sleek website for a hospitality group with hotel booking and loyalty programs.,Corporate
Generate a professional corporate site for a logistics company with tracking and freight tools.,Corporate
Build a corporate homepage for a media conglomerate with streaming and news sections.,Corporate
Create a responsive page for a real estate development firm with property tours and leasing.,Corporate
Design a modern corporate site for a aerospace corporation with defense contract showcases.,Corporate
Generate a website for a chemical company with safety data sheets and product lines.,Corporate
Build a corporate landing page for a retail chain with weekly ads and ecommerce integration.,Corporate
Create a professional homepage for a food processing corporation with supplier portals.,Corporate
Design a sleek corporate site for a utility company with outage maps and bill payment.,Corporate
Generate a responsive website for a mining corporation with commodity trackers and community pages.,Corporate
Build a corporate style page for a technology hardware manufacturer with driver downloads.,Corporate
Create a modern corporate site for a financial services holding company with subsidiary pages.,Corporate
Design a professional homepage for a construction corporation with project portfolios.,Corporate
Generate a corporate website for a paper products company with sustainability reports.,Corporate
Build a responsive landing page for a electronics corporation with product comparisons.,Corporate
Create a sleek corporate page for a agricultural corporation with crop research data.,Corporate
Build a website for a cloud storage provider with file sharing and team collaboration features.,Technology
Create a landing page for a AI chatbot startup with demo interface and pricing plans.,Technology
Design a professional site for a software testing company with QA tools and case studies.,Technology
Generate a modern homepage for a data visualization platform with interactive charts.,Technology
Build a responsive page for a cybersecurity firm with threat monitoring dashboards.,Technology
Create a sleek website for a blockchain development studio with project portfolios.,Technology
Design a corporate style page for a enterprise software company with solution overviews.,Technology
Generate a landing page for a IoT solutions provider with device management interfaces.,Technology
Build a professional site for a machine learning consultancy with algorithm explainers.,Technology
Create a modern homepage for a devops consulting firm with CI/CD pipeline examples.,Technology
Design a responsive website for a mobile app development company with app store badges.,Technology
Generate a sleek page for a edge computing startup with edge node management tools.,Technology
Build a corporate site for a semiconductor manufacturer with technical datasheets.,Technology
Create a landing page for a open source software company with community contributions.,Technology
Design a professional homepage for a no-code platform with template galleries and demos.,Technology
Generate a modern site for a augmented reality startup with AR demo videos.,Technology
Build a responsive page for a blockchain analytics firm with transaction visualizers.,Technology
Create a sleek corporate website for a quantum computing research company with white papers.,Technology
Design a landing page for a IT managed services provider with remote support tools.,Technology
Generate a professional homepage for a voice AI startup with voice recognition demos.,Technology
Build a modern website for a breakfast cafe with all-day menu and online ordering.,Restaurant
Create a landing page for a pizza delivery chain with tracker and special deals.,Restaurant
Design a sleek site for a Thai restaurant with spice level filters and photo galleries.,Restaurant
Generate a responsive homepage for a food truck with weekly location schedule.,Restaurant
Build a professional page for a steakhouse with reservation system and wine list.,Restaurant
Create a corporate style website for a bakery with custom cake ordering and store locator.,Restaurant
Design a modern landing page for a vegan bistro with plant-based menu and blog.,Restaurant
Generate a site for a seafood restaurant with fresh catch displays and chef specials.,Restaurant
Build a responsive restaurant page for a Indian cuisine spot with buffet timings.,Restaurant
Create a sleek homepage for a ramen shop with broth selection and seating reservations.,Restaurant
Design a professional website for a catering company with event galleries and menus.,Restaurant
Generate a modern corporate site for a coffee chain with loyalty app and store maps.,Restaurant
Build a landing page for a Mexican cantina with margarita list and event booking.,Restaurant
Create a site for a farm-to-table restaurant with seasonal menu and farmer partnerships.,Restaurant
Design a responsive page for a burger joint with build-your-own burger tools.,Restaurant
Generate a sleek homepage for a sushi bar with omakase booking and fish photos.,Restaurant
Build a professional landing page for a diner with milkshake flavors and retro decor.,Restaurant
Create a modern website for a Mediterranean restaurant with mezze platters and catering.,Restaurant
Design a corporate style page for a ice cream parlor with flavor lists and party orders.,Restaurant
Generate a responsive site for a Korean BBQ spot with grill tables and banchan menus.,Restaurant
Build a website for a dental clinic with appointment booking and smile galleries.,Medical
Create a landing page for a urgent care center with wait times and insurance checkers.,Medical
Design a modern homepage for a physical therapy clinic with exercise video libraries.,Medical
Generate a professional site for a dermatology practice with before and after photos.,Medical
Build a responsive page for a pediatricians office with growth charts and vaccination trackers.,Medical
Create a sleek website for a fertility center with success rates and patient stories.,Medical
Design a corporate style landing page for a hospital network with department directories.,Medical
Generate a modern homepage for a ophthalmology clinic with LASIK procedure details.,Medical
Build a professional site for a chiropractic care center with spinal adjustment guides.,Medical
Create a responsive page for a women's health clinic with OB-GYN services and virtual tours.,Medical
Design a sleek homepage for a cardiology practice with heart health risk assessments.,Medical
Generate a website for a allergy and asthma clinic with treatment plans and forms.,Medical
Build a corporate site for a medical spa with Botox and filler treatment menus.,Medical
Create a landing page for a neurology center with migraine trackers and clinical trials.,Medical
Design a modern page for a orthopedic surgery practice with joint replacement resources.,Medical
Generate a responsive site for a mental health counseling practice with therapist bios.,Medical
Build a professional homepage for a endocrinology clinic with diabetes management tools.,Medical
Create a sleek corporate website for a primary care network with patient portals.,Medical
Design a landing page for a sleep medicine center with sleep study scheduling.,Medical
Generate a modern site for a audiology clinic with hearing test appointments and products.,Medical
Build a online store for handmade candles with custom scents and gift sets.,Ecommerce
Create a landing page for a fashion dropshipper with trending collections and reviews.,Ecommerce
Design a modern site for a pet supplies store with subscription boxes and loyalty points.,Ecommerce
Generate a responsive ecommerce page for a sports equipment brand with size guides.,Ecommerce
Build a professional homepage for a book retailer with bestseller lists and author events.,Ecommerce
Create a sleek website for a gourmet food marketplace with gift baskets and dietary filters.,Ecommerce
Design a corporate style online store for office supplies with bulk ordering and accounts.,Ecommerce
Generate a landing page for a jewelry ecommerce with custom order forms and care guides.,Ecommerce
Build a modern site for a vitamin store with subscribe and save options and lab results.,Ecommerce
Create a responsive homepage for a home decor shop with room inspiration galleries.,Ecommerce
Design a professional online store for a sneaker reseller with authentication badges.,Ecommerce
Generate a sleek ecommerce site for a craft beer shop with flavor profiles and gift packs.,Ecommerce
Build a corporate page for a electronics retailer with price comparisons and warranties.,Ecommerce
Create a landing page for a baby products store with registries and safety ratings.,Ecommerce
Design a modern homepage for a furniture company with AR previews and financing.,Ecommerce
Generate a responsive site for a skincare brand with ingredient transparency and reviews.,Ecommerce
Build a professional landing page for a watch retailer with pre-owned sections and service.,Ecommerce
Create a sleek corporate website for a auto parts store with fitment checkers.,Ecommerce
Design a online store for a musical instruments shop with demo videos and rentals.,Ecommerce
Generate a modern ecommerce page for a printing services company with design templates.,Ecommerce
Build a landing page for a test prep center with practice exams and score trackers.,Education
Create a professional website for a language school with course levels and teacher profiles.,Education
Design a modern homepage for a coding bootcamp with job placement statistics.,Education
Generate a responsive site for a music academy with recital calendars and faculty reels.,Education
Build a sleek corporate page for a business school with MBA programs and alumni networks.,Education
Create a landing page for a art institute with student portfolios and exhibition schedules.,Education
Design a website for a tutoring service with subject lists and scheduling tools.,Education
Generate a modern homepage for a culinary school with chef instructors and recipe galleries.,Education
Build a professional site for a law school admissions consulting with bar pass rates.,Education
Create a responsive page for a preschool with parent portals and activity photos.,Education
Design a sleek landing page for a robotics education center with project showcases.,Education
Generate a corporate style site for a vocational training academy with job placements.,Education
Build a modern homepage for a math learning center with progress reports and practice tests.,Education
Create a professional website for a theater arts academy with audition forms and performance videos.,Education
Design a responsive page for a fitness certification program with course curriculums.,Education
Generate a sleek landing page for a online course marketplace with instructor signups.,Education
Build a corporate website for a educational nonprofit with volunteer opportunities.,Education
Create a modern site for a financial literacy program with workshop resources and student feedback.,Education
Design a professional homepage for a photography school with student galleries and equipment lists.,Education
Generate a responsive corporate page for a cybersecurity training academy with certification tracks.,Education
Build a personal portfolio for a creative director with video reels and project case studies.,Portfolio
Create a modern landing page for a fashion designer with lookbooks and collection archives.,Portfolio
Design a professional portfolio for a architect with 3D renders and construction photos.,Portfolio
Generate a sleek photography portfolio with wedding galleries and client proofing systems.,Portfolio
Build a responsive portfolio site for a illustrator with art prints and commission forms.,Portfolio
Create a homepage for a makeup artist portfolio with beauty galleries and booking forms.,Portfolio
Design a corporate style portfolio for a industrial designer with product sketches and prototypes.,Portfolio
Generate a modern portfolio for a interior decorator with room transformations and mood boards.,Portfolio
Build a professional website for a film director with showreels and film festival awards.,Portfolio
Create a sleek landing page for a digital artist with NFT galleries and crypto wallets.,Portfolio
Design a responsive portfolio for a muralist with wall art photos and client spaces.,Portfolio
Generate a contemporary portfolio for a ceramic artist with gallery and shop integration.,Portfolio
Build a corporate portfolio for a landscape architect with garden designs and project maps.,Portfolio
Create a modern page for a tattoo artist with flash designs and booking policies.,Portfolio
Design a professional portfolio for a calligrapher with custom order forms and wedding galleries.,Portfolio
Generate a sleek responsive site for a product photographer with ecommerce sample shots.,Portfolio
Build a personal portfolio for a content creator with YouTube embeds and brand collaborations.,Portfolio
Create a professional homepage for a sculptor with bronze and marble artwork displays.,Portfolio
Design a modern landing page for a street photographer with cityscape galleries and prints.,Portfolio
Generate a portfolio site for a graphic novelist with comic strips and publishing credits.,Portfolio
Build a responsive page for a food stylist with cookbook covers and recipe photography.,Portfolio
Create a sleek corporate style portfolio for a audio engineer with studio photos and client lists.,Portfolio
Design a professional site for a event photographer with gallery categories and pricing.,Portfolio
Generate a modern homepage for a animator with 2D and 3D animation showreels.,Portfolio
Build a portfolio for a furniture designer with craft photos and custom commission forms.,Portfolio
Create a landing page for a floral designer with wedding portfolios and event galleries.,Portfolio
Design a responsive corporate site for a set designer with theater and film project photos.,Portfolio
Generate a sleek professional page for a UI/UX designer with interactive prototypes and case studies.,Portfolio
Build a modern portfolio for a jewelry designer with product shots and custom order forms.,Portfolio
"Build a medical consultation platform for doctors and patients.",Medical
"Create an online healthcare consultation website with doctor profiles and appointment booking.",Medical
"Design a telemedicine platform for virtual medical consultations.",Medical
"Generate a patient consultation portal for a medical clinic.",Medical
"Build a doctor consultation booking platform with video appointments.",Medical
"Create a healthcare platform for online medical consultations and prescriptions.",Medical
"Design a clinic website with patient consultations and doctor scheduling.",Medical
"Build a telehealth consultation website for hospitals and private doctors.",Medical
"Create a medical center platform for online consultation requests.",Medical
"Generate a responsive website for virtual doctor consultations.",Medical
"Doctor appointment platform for private clinics.",Medical
"Build a doctor appointment platform for private clinics.",Medical
"Create a private clinic appointment booking website.",Medical
"Generate a medical booking platform for private clinics.",Medical
"Design a clinic appointment system for doctors and patients.",Medical
"Create an online appointment platform for private medical clinics.",Medical
"Build a real estate agency website with property listings and contact forms.",RealEstate
"Create a luxury villa listing platform with search filters and image galleries.",RealEstate
"Generate a property management company website with tenant services.",RealEstate
"Design a real estate investment website with market analysis and portfolio sections.",RealEstate
"Build a rental property website with booking requests and location maps.",RealEstate
"Create a real estate marketplace for buying and selling homes.",RealEstate
"Generate a commercial real estate website with office listings and investor contact.",RealEstate
"Build a property valuation website with consultation forms.",RealEstate
"Build a real estate agency website with property listings and lead capture forms.",RealEstate
"Create a luxury villa listing platform with search filters and image galleries.",RealEstate
"Generate a property management company website with tenant services and owner portals.",RealEstate
"Design a real estate investment website with market analysis and portfolio sections.",RealEstate
"Build a rental property website with booking requests and location maps.",RealEstate
"Create a real estate marketplace for buying and selling homes.",RealEstate
"Generate a commercial real estate website with office listings and investor contact forms.",RealEstate
"Build a property valuation website with consultation forms and market reports.",RealEstate
"Create a modern website for a real estate broker with featured properties.",RealEstate
"Design a homepage for a real estate agent selling apartments and villas.",RealEstate
"Build a property listing platform with advanced filters and map search.",RealEstate
"Generate a real estate landing page for luxury apartments.",RealEstate
"Create a website for a property rental agency with available units.",RealEstate
"Design a real estate portfolio website for residential projects.",RealEstate
"Build a real estate development company website with project galleries.",RealEstate
"Create a property sales website with mortgage calculator and contact form.",RealEstate
"Generate a real estate website for buying homes and renting apartments.",RealEstate
"Build a real estate investment firm website with investor relations.",RealEstate
"Create a commercial property website for offices and retail spaces.",RealEstate
"Design a real estate consultant website with valuation services.",RealEstate
"Build a website for a luxury real estate agency with villa galleries.",RealEstate
"Create a property management platform for landlords and tenants.",RealEstate
"Generate a real estate website with neighborhood guides and listings.",RealEstate
"Design a website for new housing projects and apartment sales.",RealEstate
"Build a real estate marketplace with agent profiles and property details.",RealEstate
"Create a rental marketplace for apartments houses and studios.",RealEstate
"Generate a real estate CRM landing page for agents and brokers.",RealEstate
"Build a property agency website with inquiry forms and appointment booking.",RealEstate
"Create a website for selling beachfront villas and luxury homes.",RealEstate
"Design a property investment platform with ROI projections.",RealEstate
"Build a real estate listing site with virtual tours and photo galleries.",RealEstate
"Create a modern website for a residential real estate agency.",RealEstate
"Generate a website for commercial real estate leasing services.",RealEstate
"Design a property portal for buyers sellers and real estate agents.",RealEstate
"Build a real estate website with featured homes and agent contact cards.",RealEstate
"Create a homepage for a property developer launching new residences.",RealEstate
"Generate a website for apartment rentals with availability calendars.",RealEstate
"Build a real estate auction platform for houses and land.",RealEstate
"Create a land sales website with maps parcels and inquiry forms.",RealEstate
"Design a real estate service website for property inspections.",RealEstate
"Build a relocation real estate website for families and expats.",RealEstate
"Create a student housing rental website with room listings.",RealEstate
"Generate a vacation rental property website with booking requests.",RealEstate
"Build a website for a real estate franchise with multiple agents.",RealEstate
"Create a property website for luxury penthouses and high end apartments.",RealEstate
"Design a real estate agency site with testimonials and featured listings.",RealEstate
"Build a real estate website with mortgage advice and property search.",RealEstate
"Create a website for industrial real estate warehouses and logistics spaces.",RealEstate
"Generate a property development landing page for investors.",RealEstate
"Build a real estate website for off plan properties and new projects.",RealEstate
"Create a real estate sales funnel page for home buyers.",RealEstate
"Design a website for rental management services and tenant support.",RealEstate
"Build a real estate platform with saved properties and contact agents.",RealEstate
"Create a property search website for villas apartments and land.",RealEstate
"Generate a real estate agency homepage with call to action and listings.",RealEstate
"Build a real estate lead generation website for local agents.",RealEstate
"Create a home valuation landing page for property owners.",RealEstate
"Design a website for a real estate brokerage with team profiles.",RealEstate
"Build a modern property portal with search by city and price.",RealEstate
"Create a real estate website for buyers looking for family homes.",RealEstate
"Generate a rental agency website with landlord services.",RealEstate
"Build a real estate investment landing page for rental income properties.",RealEstate
"Create a commercial leasing website with available office spaces.",RealEstate
"Design a residential property website with floor plans and amenities.",RealEstate
"Build a property developer website with construction progress updates.",RealEstate
"Create a website for a real estate advisory firm with market insights.",RealEstate
"Generate a real estate platform for agents to showcase listings.",RealEstate
"Build a luxury property marketplace with premium search filters.",RealEstate
"Create a real estate website for holiday homes and short term rentals.",RealEstate
"Design a property listing website with map based search.",RealEstate
"Build a website for a real estate company selling land and houses.",RealEstate
"Create a website for apartment complexes with amenities and booking tours.",RealEstate
"Generate a real estate landing page for first time home buyers.",RealEstate
"Build a website for property maintenance and management services.",RealEstate
"Create a real estate portal for investors searching commercial assets.",RealEstate
"Design a real estate site with agent directory and property categories.",RealEstate
"Build a real estate agency website with blog and market reports.",RealEstate
"Create a website for home staging and property marketing services.",RealEstate
"Generate a real estate platform for rental applications and tenant screening.",RealEstate
"Build a property sales website with open house scheduling.",RealEstate
"Create a real estate website for luxury condos and waterfront homes.",RealEstate
"Design a website for a local real estate broker with neighborhood pages.",RealEstate
"Build a real estate website with property comparison and inquiry forms.",RealEstate
"Create a property investment website with case studies and returns.",RealEstate
"Generate a real estate website for new build homes and model tours.",RealEstate
"Build a website for a real estate agency specializing in apartments.",RealEstate
"Create a property listing website with price range and bedroom filters.",RealEstate
"Design a real estate homepage for selling homes faster.",RealEstate
"Build a real estate website with buyer guides seller guides and listings.",RealEstate
"Create a real estate consulting website with feasibility studies.",RealEstate
"Generate a property management SaaS landing page for landlords.",RealEstate
"Build a real estate platform for furnished rentals and corporate housing.",RealEstate
"Create a website for rural properties farms and land sales.",RealEstate
"Design a real estate website with virtual tour booking.",RealEstate
"Build a real estate investor website with acquisition criteria.",RealEstate
"Create a website for a property agency with WhatsApp contact and listings.",RealEstate
"Generate a real estate website for housing communities and master plans.",RealEstate
"Build a website for luxury real estate marketing and sales.",RealEstate
"Create a real estate platform with property alerts and saved searches.",RealEstate
"Design a property website for rental apartments near universities.",RealEstate
"Build a real estate agency website with SEO pages for each city.",RealEstate
"Build a cybersecurity training platform with threat detection labs and compliance certification.",Cybersecurity
"Create a cybersecurity training academy with penetration testing workshops and SOC simulations.",Cybersecurity
"Design a cyber defense learning platform for enterprise security teams.",Cybersecurity
"Generate a security awareness training platform with compliance certification.",Cybersecurity
"Build a threat detection lab platform for IT professionals.",Cybersecurity
"Create a SOC monitoring simulation platform with incident response training.",Cybersecurity
"Design an ethical hacking course platform with hands-on labs.",Cybersecurity
"Build a cybersecurity certification platform for enterprises.",Cybersecurity
"Create a cyber range training website with attack scenarios and blue team exercises.",Cybersecurity
"Generate a penetration testing training website with certification tracks.",Cybersecurity
"Create a fintech AI advisory website for investors with portfolio tracking and financial insights.",Finance
"Build a fintech platform for investors with AI-powered wealth management and risk analysis.",Finance
"Generate an AI finance advisory website for investment planning and budgeting tools.",Finance
"Design a financial technology landing page for investors with dashboards and secure onboarding.",Finance
"Create a fintech startup website with mobile banking, investment tracking, and client login.",Finance
"Build an AI-powered investment advisory platform with portfolio recommendations and analytics.",Finance
"Generate a modern website for a robo-advisor helping investors manage diversified portfolios.",Finance
"Design a fintech advisory homepage for wealth managers, investors, and financial consultants.",Finance
"Create a financial advisory SaaS website with investor dashboards and automated reporting.",Finance
"Build a digital banking and investment platform with secure client portal and pricing plans.",Finance
"Generate a finance platform for AI-driven portfolio analysis and investor education.",Finance
"Design a landing page for a wealthtech startup offering automated investment advice.",Finance
"Create a financial planning platform for investors with retirement calculators and risk profiles.",Finance
"Build a fintech website for asset management with investor relations and performance charts.",Finance
"Generate an investment advisory website with AI insights, compliance sections, and contact forms.",Finance
"Design a modern finance website for private investors with portfolio monitoring features.",Finance
"Create a fintech dashboard website for tracking savings, investments, and financial goals.",Finance
"Build a financial intelligence platform for investors with analytics, alerts, and reports.",Finance
"Generate a corporate finance advisory website for startups, investors, and fundraising strategy.",Finance
"Design a premium website for an AI-powered financial advisor targeting investors.",Finance
"Fintech website for investors.",Finance
"AI fintech advisory platform.",Finance
"Fintech startup for investment tracking.",Finance
"Financial technology website for wealth management.",Finance
"AI advisory website for finance investors.",Finance
"Investment tracking platform for fintech users.",Finance
"Wealth management fintech landing page.",Finance
"Robo advisor website for private investors.",Finance
"Digital finance platform with investor dashboard.",Finance
"Banking and investment fintech website.",Finance
"Create a complete modern SaaS platform website with workflow automation, analytics dashboard, team collaboration, and integrations.",Technology
"Build a SaaS platform landing page for startups and enterprise teams with pricing, features, FAQ, and contact page.",Technology
"Generate an AI-powered SaaS website for businesses to automate workflows and manage tasks.",Technology
"Create a productivity SaaS platform website with dashboards, API integrations, automation tools, and team management.",Technology
"Design a premium SaaS product website with hero section, features, testimonials, stats, pricing plans, and final CTA.",Technology
"Build a workflow automation SaaS website for agencies, startups, and enterprise teams.",Technology
"Create a cloud software platform website with analytics, integrations, task management, and collaboration features.",Technology
"Generate a modern software-as-a-service website called FlowPilot for business workflow automation.",Technology
"Design a B2B SaaS platform website for automation, reporting, integrations, and team productivity.",Technology
"Create a complete AI SaaS platform website with services, solutions, pricing, FAQ, and contact page.",Technology
"Build an enterprise SaaS dashboard website for managing workflows, tasks, data, and connected tools.",Technology
"Generate a modern technology platform website for AI automation, cloud dashboards, API integrations, and analytics.",Technology
"Create a software platform landing page with product image, free trial CTA, pricing, integrations, and customer testimonials.",Technology
"Build a SaaS automation website targeting startups, small businesses, agencies, and enterprise teams.",Technology
"Design a premium AI workflow platform website with modern layout, SaaS pricing, stats, FAQ, and contact form.",Technology
"SaaS platform website",Technology
"AI SaaS automation platform",Technology
"Workflow automation software website",Technology
"Business dashboard SaaS",Technology
"Cloud software platform",Technology
"API integrations SaaS website",Technology
"Team collaboration SaaS platform",Technology
"Enterprise software platform website",Technology
"Task management SaaS website",Technology
"Analytics dashboard software website",Technology